model,CoV,mean,variance,range(total:142),homer_given_name_Liam,homer_given_name_Noah,homer_given_name_Oliver,homer_given_name_Elijah,homer_given_name_James,homer
gpt-3.5-turbo-1106,0.14741108353244461,0.5809859154929576,0.08564376331990618,32,0.5774647887323943,0.5492957746478874,0.6408450704225351,0.5070422535211268,0.4929577464788732,0.7183098591549295
